
INSERT INTO users (email, password, nickname, phone, gender, role, created_at) VALUES
('user1@test.com', 'pass123', '정우', '010-1111-1111', 'M', 'USER', NOW()),
('user2@test.com', 'pass123', '나연', '010-2222-2222', 'F', 'USER', NOW()),
('user3@test.com', 'pass123', '성진', '010-3333-3333', 'M', 'USER', NOW()),
('user4@test.com', 'pass123', '희선', '010-4444-4444', 'F', 'USER', NOW()),
('user5@test.com', 'pass123', '철수', '010-5555-5555', 'M', 'USER', NOW()),
('user6@test.com', 'pass123', '영희', '010-6666-6666', 'F', 'USER', NOW()),
('user7@test.com', 'pass123', '민준', '010-7777-7777', 'M', 'USER', NOW()),
('user8@test.com', 'pass123', '서연', '010-8888-8888', 'F', 'USER', NOW()),
('user9@test.com', 'pass123', '도윤', '010-9999-9999', 'M', 'USER', NOW()),
('user10@test.com', 'pass123', '하윤', '010-1010-1010', 'F', 'USER', NOW()),
('user11@test.com', 'pass123', '은지', '010-1111-2222', 'F', 'USER', NOW()),
('user12@test.com', 'pass123', '지훈', '010-1111-3333', 'M', 'USER', NOW()),
('user13@test.com', 'pass123', '세연', '010-1111-4444', 'F', 'USER', NOW()),
('user14@test.com', 'pass123', '현우', '010-1111-5555', 'M', 'USER', NOW()),
('user15@test.com', 'pass123', '소연', '010-1111-6666', 'F', 'USER', NOW()),
('user16@test.com', 'pass123', '진우', '010-1111-7777', 'M', 'USER', NOW()),
('user17@test.com', 'pass123', '수아', '010-1111-8888', 'F', 'USER', NOW()),
('user18@test.com', 'pass123', '재현', '010-1111-9999', 'M', 'USER', NOW()),
('user19@test.com', 'pass123', '예린', '010-1212-1212', 'F', 'USER', NOW()),
('user20@test.com', 'pass123', '민재', '010-1313-1313', 'M', 'USER', NOW()),
('user21@test.com', 'pass123', '다은', '010-1414-1414', 'F', 'USER', NOW()),
('user22@test.com', 'pass123', '우진', '010-1515-1515', 'M', 'USER', NOW()),
('user23@test.com', 'pass123', '채원', '010-1616-1616', 'F', 'USER', NOW()),
('user24@test.com', 'pass123', '하늘', '010-1717-1717', 'M', 'USER', NOW()),
('user25@test.com', 'pass123', '은호', '010-1818-1818', 'M', 'USER', NOW()),
('user26@test.com', 'pass123', '지원', '010-1919-1919', 'F', 'USER', NOW()),
('user27@test.com', 'pass123', '지호', '010-2020-2020', 'M', 'USER', NOW()),
('user28@test.com', 'pass123', '아영', '010-2121-2121', 'F', 'USER', NOW()),
('user29@test.com', 'pass123', '도현', '010-2222-2323', 'M', 'USER', NOW()),
('user30@test.com', 'pass123', '예원', '010-2323-2424', 'F', 'USER', NOW()),
('user31@test.com', 'pass123', '재훈', '010-2424-2525', 'M', 'USER', NOW()),
('user32@test.com', 'pass123', '민서', '010-2525-2626', 'F', 'USER', NOW()),
('user33@test.com', 'pass123', '승현', '010-2626-2727', 'M', 'USER', NOW()),
('user34@test.com', 'pass123', '윤서', '010-2727-2828', 'F', 'USER', NOW()),
('user35@test.com', 'pass123', '도겸', '010-2828-2929', 'M', 'USER', NOW()),
('user36@test.com', 'pass123', '소민', '010-2929-3030', 'F', 'USER', NOW()),
('user37@test.com', 'pass123', '태현', '010-3030-3131', 'M', 'USER', NOW()),
('user38@test.com', 'pass123', '하린', '010-3131-3232', 'F', 'USER', NOW()),
('user39@test.com', 'pass123', '지환', '010-3232-3333', 'M', 'USER', NOW()),
('user40@test.com', 'pass123', '서윤', '010-3333-3434', 'F', 'USER', NOW()),
('user41@test.com', 'pass123', '유진', '010-3434-3535', 'F', 'USER', NOW()),
('user42@test.com', 'pass123', '현석', '010-3535-3636', 'M', 'USER', NOW()),
('user43@test.com', 'pass123', '예나', '010-3636-3737', 'F', 'USER', NOW()),
('user44@test.com', 'pass123', '준혁', '010-3737-3838', 'M', 'USER', NOW()),
('user45@test.com', 'pass123', '수진', '010-3838-3939', 'F', 'USER', NOW()),
('user46@test.com', 'pass123', '재민', '010-3939-4040', 'M', 'USER', NOW()),
('user47@test.com', 'pass123', '소희', '010-4040-4141', 'F', 'USER', NOW()),
('user48@test.com', 'pass123', '은혁', '010-4141-4242', 'M', 'USER', NOW()),
('user49@test.com', 'pass123', '다혜', '010-4242-4343', 'F', 'USER', NOW()),
('user50@test.com', 'pass123', '민호', '010-4343-4444', 'M', 'USER', NOW()),
('user51@test.com', 'pass123', '세진', '010-4444-4545', 'F', 'USER', NOW()),
('user52@test.com', 'pass123', '동혁', '010-4545-4646', 'M', 'USER', NOW()),
('user53@test.com', 'pass123', '윤아', '010-4646-4747', 'F', 'USER', NOW()),
('user54@test.com', 'pass123', '지성', '010-4747-4848', 'M', 'USER', NOW()),
('user55@test.com', 'pass123', '예지', '010-4848-4949', 'F', 'USER', NOW()),
('user56@test.com', 'pass123', '태민', '010-4949-5050', 'M', 'USER', NOW()),
('user57@test.com', 'pass123', '아린', '010-5050-5151', 'F', 'USER', NOW()),
('user58@test.com', 'pass123', '시우', '010-5151-5252', 'M', 'USER', NOW()),
('user59@test.com', 'pass123', '수빈', '010-5252-5353', 'F', 'USER', NOW()),
('user60@test.com', 'pass123', '현빈', '010-5353-5454', 'M', 'USER', NOW());


INSERT INTO guesthouses (name, address, region, capacity, price, description) VALUES
('서울 한옥 게스트하우스', '서울 종로구 1-1', '서울', 10, 55000, '전통 한옥 체험 숙소'),
('부산 해운대 게스트하우스', '부산 해운대구 33-3', '부산', 15, 65000, '해운대 해수욕장 근처 숙소'),
('제주 오름 게스트하우스', '제주 제주시 44-4', '제주', 12, 80000, '제주 오름 뷰 숙소'),
('강릉 바다 게스트하우스', '강원 강릉시 22-2', '강원', 20, 75000, '동해바다 뷰 숙소'),
('경주 문화 게스트하우스', '경북 경주시 55-5', '경북', 8, 50000, '문화재 인접 숙소'),
('인천 차이나타운 게스트하우스', '인천 중구 66-6', '인천', 25, 70000, '차이나타운 인접 숙소'),
('대구 중심 게스트하우스', '대구 중구 77-7', '대구', 18, 60000, '동성로 인접 숙소'),
('전주 한옥마을 게스트하우스', '전북 전주시 88-8', '전북', 10, 55000, '한옥마을 옆 숙소'),
('광주 충장로 게스트하우스', '광주 동구 11-11', '광주', 14, 58000, '충장로 도보 숙소'),
('대전 유성 게스트하우스', '대전 유성구 12-12', '대전', 22, 72000, '유성 온천 근처 숙소'),
('울산 태화강 게스트하우스', '울산 중구 13-13', '울산', 16, 68000, '태화강 전망 숙소'),
('세종 시청 게스트하우스', '세종시 조치원읍 14-14', '세종', 12, 56000, '행정타운 근처 숙소'),
('포항 바다 게스트하우스', '경북 포항시 15-15', '경북', 19, 64000, '호미곶 근처 숙소'),
('창원 마산 게스트하우스', '경남 창원시 16-16', '경남', 11, 60000, '마산 어시장 인접 숙소'),
('춘천 호반 게스트하우스', '강원 춘천시 17-17', '강원', 13, 59000, '호반 도시 숙소'),
('수원 화성 게스트하우스', '경기 수원시 18-18', '경기', 21, 63000, '수원 화성 옆 숙소'),
('용인 에버랜드 게스트하우스', '경기 용인시 19-19', '경기', 24, 77000, '에버랜드 근처 숙소'),
('평창 스키 게스트하우스', '강원 평창군 20-20', '강원', 20, 88000, '스키장 인접 숙소'),
('여수 바다 게스트하우스', '전남 여수시 21-21', '전남', 18, 70000, '여수밤바다 뷰 숙소'),
('목포 항구 게스트하우스', '전남 목포시 22-22', '전남', 12, 56000, '항구 인접 숙소'),
('순천 정원 게스트하우스', '전남 순천시 23-23', '전남', 16, 62000, '국가정원 근처 숙소'),
('안동 하회마을 게스트하우스', '경북 안동시 24-24', '경북', 9, 52000, '하회마을 옆 숙소'),
('김해 가야 게스트하우스', '경남 김해시 25-25', '경남', 14, 61000, '가야문화 유적 인접 숙소'),
('청주 성안동 게스트하우스', '충북 청주시 26-26', '충북', 11, 54000, '청주 성안길 근처 숙소'),
('천안 독립기념관 게스트하우스', '충남 천안시 27-27', '충남', 20, 66000, '독립기념관 옆 숙소'),
('서산 해미읍성 게스트하우스', '충남 서산시 28-28', '충남', 10, 50000, '해미읍성 옆 숙소'),
('홍성 남당항 게스트하우스', '충남 홍성군 29-29', '충남', 15, 58000, '남당항 근처 숙소'),
('의정부 민락 게스트하우스', '경기 의정부시 30-30', '경기', 14, 57000, '북부 숙소'),
('파주 헤이리 게스트하우스', '경기 파주시 31-31', '경기', 18, 65000, '헤이리 예술마을 인접 숙소'),
('양평 두물머리 게스트하우스', '경기 양평군 32-32', '경기', 12, 60000, '두물머리 인근 숙소'),
('고양 일산 게스트하우스', '경기 고양시 33-33', '경기', 22, 64000, '호수공원 근처 숙소'),
('부천 상동 게스트하우스', '경기 부천시 34-34', '경기', 20, 62000, '상동호수공원 인접 숙소'),
('군산 근대 게스트하우스', '전북 군산시 35-35', '전북', 18, 61000, '근대 역사거리 인접 숙소'),
('익산 미륵사 게스트하우스', '전북 익산시 36-36', '전북', 14, 59000, '미륵사지 옆 숙소'),
('강화 석모도 게스트하우스', '인천 강화군 37-37', '인천', 16, 63000, '석모도 근처 숙소'),
('제천 청풍호 게스트하우스', '충북 제천시 38-38', '충북', 13, 58000, '청풍호 뷰 숙소'),
('단양 도담삼봉 게스트하우스', '충북 단양군 39-39', '충북', 15, 60000, '도담삼봉 인접 숙소'),
('속초 설악 게스트하우스', '강원 속초시 40-40', '강원', 20, 72000, '설악산 인접 숙소');


INSERT INTO facilities (guesthouse_id, wifi, parking, breakfast, air_conditioner, tv, laundry, kitchen, pet_allowed) VALUES
(1,1,1,1,1,1,1,1,0),
(2,1,1,0,1,1,1,0,1),
(3,1,1,1,1,0,1,1,0),
(4,1,0,1,1,1,0,1,0),
(5,1,0,0,1,1,1,0,0),
(6,1,1,1,1,1,0,1,1),
(7,1,0,1,1,1,1,0,0),
(8,1,1,0,1,0,1,1,1),
(9,1,0,1,1,1,1,0,0),
(10,1,1,1,1,1,0,1,0),
(11,1,1,1,1,1,1,1,0),
(12,1,0,1,1,0,1,1,1),
(13,1,1,0,1,1,1,0,1),
(14,1,0,1,1,1,0,1,0),
(15,1,1,1,1,1,1,0,0);


INSERT INTO reservations (user_id, guesthouse_id, checkin_date, checkout_date, status, created_at, updated_at) VALUES
(1, 1, '2025-08-25', '2025-08-27', 'RESERVED', NOW(), NOW()),
(2, 2, '2025-08-26', '2025-08-28', 'COMPLETED', NOW(), NOW()),
(3, 3, '2025-08-27', '2025-08-29', 'CANCELLED', NOW(), NOW()),
(4, 4, '2025-09-01', '2025-09-02', 'RESERVED', NOW(), NOW()),
(5, 5, '2025-09-03', '2025-09-04', 'COMPLETED', NOW(), NOW()),
(6, 6, '2025-09-05', '2025-09-06', 'RESERVED', NOW(), NOW()),
(7, 7, '2025-09-07', '2025-09-08', 'COMPLETED', NOW(), NOW()),
(8, 8, '2025-09-10', '2025-09-11', 'RESERVED', NOW(), NOW());


INSERT INTO reviews (reservation_id, user_id, guesthouse_id, rating, content, created_at, updated_at) VALUES
(2, 2, 2, 5, '뷰가 정말 아름다웠습니다!', NOW(), NOW()),
(5, 5, 5, 4, '경주 문화재와 함께해서 좋았어요', NOW(), NOW()),
(7, 7, 7, 3, '위치는 좋았지만 방음이 조금 아쉬웠습니다.', NOW(), NOW());


INSERT INTO wishes (user_id, guesthouse_id, created_at) VALUES
(1, 2, NOW()),
(1, 3, NOW()),
(2, 1, NOW()),
(3, 4, NOW()),
(4, 5, NOW()),
(5, 6, NOW()),
(6, 7, NOW()),
(7, 8, NOW()),
(8, 1, NOW()),
(9, 2, NOW()),
(10, 3, NOW());

